image,method,score_type,score,src,copied
Places365_test_00000045,lama_hybrid_blend_cut01,lpips,0.00047,results/lama_hybrid/Places365_test_00000045_lama_hybrid_blend_cut01.png,results/best_variant/Places365_test_00000045_best_lama_hybrid_blend_cut01.png
Places365_test_00002782,lama_hybrid_blend_cut01,lpips,0.044055,results/lama_hybrid/Places365_test_00002782_lama_hybrid_blend_cut01.png,results/best_variant/Places365_test_00002782_best_lama_hybrid_blend_cut01.png
Places365_test_00002944,lama_hybrid_blend_cut01,lpips,0.003604,results/lama_hybrid/Places365_test_00002944_lama_hybrid_blend_cut01.png,results/best_variant/Places365_test_00002944_best_lama_hybrid_blend_cut01.png
Places365_test_00003005,lama_hybrid_blend_cut01,lpips,0.000234,results/lama_hybrid/Places365_test_00003005_lama_hybrid_blend_cut01.png,results/best_variant/Places365_test_00003005_best_lama_hybrid_blend_cut01.png
Places365_test_00003091,lama_hybrid_blend_cut01,lpips,0.000549,results/lama_hybrid/Places365_test_00003091_lama_hybrid_blend_cut01.png,results/best_variant/Places365_test_00003091_best_lama_hybrid_blend_cut01.png
Places365_test_00003640,lama_hybrid_blend_cut01,lpips,0.001637,results/lama_hybrid/Places365_test_00003640_lama_hybrid_blend_cut01.png,results/best_variant/Places365_test_00003640_best_lama_hybrid_blend_cut01.png
Places365_test_00004094,lama_hybrid_blend_cut01,lpips,0.018272,results/lama_hybrid/Places365_test_00004094_lama_hybrid_blend_cut01.png,results/best_variant/Places365_test_00004094_best_lama_hybrid_blend_cut01.png
Places365_test_00004414,lama_hybrid_blend_cut01,lpips,0.00067,results/lama_hybrid/Places365_test_00004414_lama_hybrid_blend_cut01.png,results/best_variant/Places365_test_00004414_best_lama_hybrid_blend_cut01.png
Places365_test_00004683,lama_hybrid_blend_cut01,lpips,0.020008,results/lama_hybrid/Places365_test_00004683_lama_hybrid_blend_cut01.png,results/best_variant/Places365_test_00004683_best_lama_hybrid_blend_cut01.png
Places365_test_00005181,lama_hybrid_blend_cut01,lpips,0.029438,results/lama_hybrid/Places365_test_00005181_lama_hybrid_blend_cut01.png,results/best_variant/Places365_test_00005181_best_lama_hybrid_blend_cut01.png
Places365_test_00005266,lama_hybrid_blend_cut01,lpips,0.000762,results/lama_hybrid/Places365_test_00005266_lama_hybrid_blend_cut01.png,results/best_variant/Places365_test_00005266_best_lama_hybrid_blend_cut01.png
Places365_test_00005537,lama_hybrid_blend_cut01,lpips,0.00422,results/lama_hybrid/Places365_test_00005537_lama_hybrid_blend_cut01.png,results/best_variant/Places365_test_00005537_best_lama_hybrid_blend_cut01.png
Places365_test_00005573,lama_hybrid_blend_cut01,lpips,0.003896,results/lama_hybrid/Places365_test_00005573_lama_hybrid_blend_cut01.png,results/best_variant/Places365_test_00005573_best_lama_hybrid_blend_cut01.png
Places365_test_00006809,lama_hybrid_blend_cut01,lpips,0.06292,results/lama_hybrid/Places365_test_00006809_lama_hybrid_blend_cut01.png,results/best_variant/Places365_test_00006809_best_lama_hybrid_blend_cut01.png
Places365_test_00007887,lama_hybrid_blend_cut01,lpips,0.037066,results/lama_hybrid/Places365_test_00007887_lama_hybrid_blend_cut01.png,results/best_variant/Places365_test_00007887_best_lama_hybrid_blend_cut01.png
Places365_test_00008716,lama_hybrid_blend_cut01,lpips,0.020759,results/lama_hybrid/Places365_test_00008716_lama_hybrid_blend_cut01.png,results/best_variant/Places365_test_00008716_best_lama_hybrid_blend_cut01.png
Places365_test_00009029,lama_hybrid_blend_cut01,lpips,0.007273,results/lama_hybrid/Places365_test_00009029_lama_hybrid_blend_cut01.png,results/best_variant/Places365_test_00009029_best_lama_hybrid_blend_cut01.png
Places365_test_00009938,lama_hybrid_blend_cut01,lpips,0.000368,results/lama_hybrid/Places365_test_00009938_lama_hybrid_blend_cut01.png,results/best_variant/Places365_test_00009938_best_lama_hybrid_blend_cut01.png
Places365_test_00010896,lama_hybrid_blend_cut01,lpips,0.005109,results/lama_hybrid/Places365_test_00010896_lama_hybrid_blend_cut01.png,results/best_variant/Places365_test_00010896_best_lama_hybrid_blend_cut01.png
Places365_test_00010897,lama_hybrid_blend_cut01,lpips,0.00058,results/lama_hybrid/Places365_test_00010897_lama_hybrid_blend_cut01.png,results/best_variant/Places365_test_00010897_best_lama_hybrid_blend_cut01.png
Places365_test_00011411,lama_hybrid_blend_cut01,lpips,0.000555,results/lama_hybrid/Places365_test_00011411_lama_hybrid_blend_cut01.png,results/best_variant/Places365_test_00011411_best_lama_hybrid_blend_cut01.png
Places365_test_00012341,lama_hybrid_blend_cut01,lpips,2.4e-05,results/lama_hybrid/Places365_test_00012341_lama_hybrid_blend_cut01.png,results/best_variant/Places365_test_00012341_best_lama_hybrid_blend_cut01.png
Places365_test_00014151,lama_hybrid_blend_cut01,lpips,0.0001,results/lama_hybrid/Places365_test_00014151_lama_hybrid_blend_cut01.png,results/best_variant/Places365_test_00014151_best_lama_hybrid_blend_cut01.png
Places365_test_00015885,lama_hybrid_blend_cut01,lpips,0.022267,results/lama_hybrid/Places365_test_00015885_lama_hybrid_blend_cut01.png,results/best_variant/Places365_test_00015885_best_lama_hybrid_blend_cut01.png
Places365_test_00017720,lama_hybrid_blend_cut01,lpips,0.016673,results/lama_hybrid/Places365_test_00017720_lama_hybrid_blend_cut01.png,results/best_variant/Places365_test_00017720_best_lama_hybrid_blend_cut01.png
Places365_test_00017896,lama_hybrid_blend_cut01,lpips,0.003767,results/lama_hybrid/Places365_test_00017896_lama_hybrid_blend_cut01.png,results/best_variant/Places365_test_00017896_best_lama_hybrid_blend_cut01.png
Places365_test_00020442,lama_hybrid_blend_cut01,lpips,0.01517,results/lama_hybrid/Places365_test_00020442_lama_hybrid_blend_cut01.png,results/best_variant/Places365_test_00020442_best_lama_hybrid_blend_cut01.png
Places365_test_00020666,lama_hybrid_blend_cut01,lpips,0.000956,results/lama_hybrid/Places365_test_00020666_lama_hybrid_blend_cut01.png,results/best_variant/Places365_test_00020666_best_lama_hybrid_blend_cut01.png
Places365_test_00021246,lama_hybrid_blend_cut01,lpips,0.006231,results/lama_hybrid/Places365_test_00021246_lama_hybrid_blend_cut01.png,results/best_variant/Places365_test_00021246_best_lama_hybrid_blend_cut01.png
Places365_test_00021465,lama_hybrid_blend_cut01,lpips,0.002705,results/lama_hybrid/Places365_test_00021465_lama_hybrid_blend_cut01.png,results/best_variant/Places365_test_00021465_best_lama_hybrid_blend_cut01.png
Places365_test_00023884,lama_hybrid_blend_cut01,lpips,0.022895,results/lama_hybrid/Places365_test_00023884_lama_hybrid_blend_cut01.png,results/best_variant/Places365_test_00023884_best_lama_hybrid_blend_cut01.png
Places365_test_00024375,lama_hybrid_blend_cut01,lpips,0.00641,results/lama_hybrid/Places365_test_00024375_lama_hybrid_blend_cut01.png,results/best_variant/Places365_test_00024375_best_lama_hybrid_blend_cut01.png
Places365_test_00024441,lama_hybrid_blend_cut01,lpips,0.001918,results/lama_hybrid/Places365_test_00024441_lama_hybrid_blend_cut01.png,results/best_variant/Places365_test_00024441_best_lama_hybrid_blend_cut01.png
Places365_test_00024578,lama_hybrid_blend_cut01,lpips,0.001988,results/lama_hybrid/Places365_test_00024578_lama_hybrid_blend_cut01.png,results/best_variant/Places365_test_00024578_best_lama_hybrid_blend_cut01.png
Places365_test_00025239,lama_hybrid_blend_cut01,lpips,0.049785,results/lama_hybrid/Places365_test_00025239_lama_hybrid_blend_cut01.png,results/best_variant/Places365_test_00025239_best_lama_hybrid_blend_cut01.png
Places365_test_00025379,lama_hybrid_blend_cut01,lpips,0.000326,results/lama_hybrid/Places365_test_00025379_lama_hybrid_blend_cut01.png,results/best_variant/Places365_test_00025379_best_lama_hybrid_blend_cut01.png
Places365_test_00025601,lama_hybrid_blend_cut01,lpips,0.022527,results/lama_hybrid/Places365_test_00025601_lama_hybrid_blend_cut01.png,results/best_variant/Places365_test_00025601_best_lama_hybrid_blend_cut01.png
Places365_test_00027914,lama_hybrid_blend_cut01,lpips,0.01836,results/lama_hybrid/Places365_test_00027914_lama_hybrid_blend_cut01.png,results/best_variant/Places365_test_00027914_best_lama_hybrid_blend_cut01.png
Places365_test_00028361,lama_hybrid_blend_cut01,lpips,0.002243,results/lama_hybrid/Places365_test_00028361_lama_hybrid_blend_cut01.png,results/best_variant/Places365_test_00028361_best_lama_hybrid_blend_cut01.png
Places365_test_00032026,lama_hybrid_blend_cut01,lpips,0.003924,results/lama_hybrid/Places365_test_00032026_lama_hybrid_blend_cut01.png,results/best_variant/Places365_test_00032026_best_lama_hybrid_blend_cut01.png
Places365_test_00032497,lama_hybrid_blend_cut01,lpips,0.003443,results/lama_hybrid/Places365_test_00032497_lama_hybrid_blend_cut01.png,results/best_variant/Places365_test_00032497_best_lama_hybrid_blend_cut01.png
Places365_test_00033271,lama_hybrid_blend_cut01,lpips,0.001795,results/lama_hybrid/Places365_test_00033271_lama_hybrid_blend_cut01.png,results/best_variant/Places365_test_00033271_best_lama_hybrid_blend_cut01.png
Places365_test_00036693,lama_hybrid_blend_cut01,lpips,0.025787,results/lama_hybrid/Places365_test_00036693_lama_hybrid_blend_cut01.png,results/best_variant/Places365_test_00036693_best_lama_hybrid_blend_cut01.png
Places365_test_00038047,lama_hybrid_blend_cut01,lpips,0.057011,results/lama_hybrid/Places365_test_00038047_lama_hybrid_blend_cut01.png,results/best_variant/Places365_test_00038047_best_lama_hybrid_blend_cut01.png
Places365_test_00038422,lama_hybrid_blend_cut01,lpips,0.000619,results/lama_hybrid/Places365_test_00038422_lama_hybrid_blend_cut01.png,results/best_variant/Places365_test_00038422_best_lama_hybrid_blend_cut01.png
Places365_test_00038663,lama_hybrid_blend_cut01,lpips,0.019766,results/lama_hybrid/Places365_test_00038663_lama_hybrid_blend_cut01.png,results/best_variant/Places365_test_00038663_best_lama_hybrid_blend_cut01.png
Places365_test_00039430,lama_hybrid_blend_cut01,lpips,0.003707,results/lama_hybrid/Places365_test_00039430_lama_hybrid_blend_cut01.png,results/best_variant/Places365_test_00039430_best_lama_hybrid_blend_cut01.png
Places365_test_00039459,lama_hybrid_blend_cut01,lpips,0.000224,results/lama_hybrid/Places365_test_00039459_lama_hybrid_blend_cut01.png,results/best_variant/Places365_test_00039459_best_lama_hybrid_blend_cut01.png
Places365_test_00040944,lama_hybrid_blend_cut01,lpips,6e-06,results/lama_hybrid/Places365_test_00040944_lama_hybrid_blend_cut01.png,results/best_variant/Places365_test_00040944_best_lama_hybrid_blend_cut01.png
Places365_test_00042470,lama_hybrid_blend_cut01,lpips,0.060238,results/lama_hybrid/Places365_test_00042470_lama_hybrid_blend_cut01.png,results/best_variant/Places365_test_00042470_best_lama_hybrid_blend_cut01.png
Places365_test_00043925,lama_hybrid_blend_cut01,lpips,0.034837,results/lama_hybrid/Places365_test_00043925_lama_hybrid_blend_cut01.png,results/best_variant/Places365_test_00043925_best_lama_hybrid_blend_cut01.png
Places365_test_00045612,lama_hybrid_blend_cut01,lpips,0.003502,results/lama_hybrid/Places365_test_00045612_lama_hybrid_blend_cut01.png,results/best_variant/Places365_test_00045612_best_lama_hybrid_blend_cut01.png
Places365_test_00047326,lama_hybrid_blend_cut01,lpips,0.000741,results/lama_hybrid/Places365_test_00047326_lama_hybrid_blend_cut01.png,results/best_variant/Places365_test_00047326_best_lama_hybrid_blend_cut01.png
Places365_test_00048652,lama_hybrid_blend_cut01,lpips,0.026728,results/lama_hybrid/Places365_test_00048652_lama_hybrid_blend_cut01.png,results/best_variant/Places365_test_00048652_best_lama_hybrid_blend_cut01.png
Places365_test_00049261,lama_hybrid_blend_cut01,lpips,0.021019,results/lama_hybrid/Places365_test_00049261_lama_hybrid_blend_cut01.png,results/best_variant/Places365_test_00049261_best_lama_hybrid_blend_cut01.png
Places365_test_00050319,lama_hybrid_blend_cut01,lpips,0.002767,results/lama_hybrid/Places365_test_00050319_lama_hybrid_blend_cut01.png,results/best_variant/Places365_test_00050319_best_lama_hybrid_blend_cut01.png
Places365_test_00051829,lama_hybrid_blend_cut01,lpips,0.034392,results/lama_hybrid/Places365_test_00051829_lama_hybrid_blend_cut01.png,results/best_variant/Places365_test_00051829_best_lama_hybrid_blend_cut01.png
Places365_test_00052635,lama_hybrid_blend_cut01,lpips,0.007566,results/lama_hybrid/Places365_test_00052635_lama_hybrid_blend_cut01.png,results/best_variant/Places365_test_00052635_best_lama_hybrid_blend_cut01.png
Places365_test_00053085,lama_hybrid_blend_cut01,lpips,9.2e-05,results/lama_hybrid/Places365_test_00053085_lama_hybrid_blend_cut01.png,results/best_variant/Places365_test_00053085_best_lama_hybrid_blend_cut01.png
Places365_test_00053909,lama_hybrid_blend_cut01,lpips,0.023941,results/lama_hybrid/Places365_test_00053909_lama_hybrid_blend_cut01.png,results/best_variant/Places365_test_00053909_best_lama_hybrid_blend_cut01.png
Places365_test_00054596,lama_hybrid_blend_cut01,lpips,0.034009,results/lama_hybrid/Places365_test_00054596_lama_hybrid_blend_cut01.png,results/best_variant/Places365_test_00054596_best_lama_hybrid_blend_cut01.png
Places365_test_00055950,lama_hybrid_blend_cut01,lpips,0.001385,results/lama_hybrid/Places365_test_00055950_lama_hybrid_blend_cut01.png,results/best_variant/Places365_test_00055950_best_lama_hybrid_blend_cut01.png
Places365_test_00057479,lama_hybrid_blend_cut01,lpips,0.000331,results/lama_hybrid/Places365_test_00057479_lama_hybrid_blend_cut01.png,results/best_variant/Places365_test_00057479_best_lama_hybrid_blend_cut01.png
Places365_test_00058811,lama_hybrid_blend_cut01,lpips,0.001294,results/lama_hybrid/Places365_test_00058811_lama_hybrid_blend_cut01.png,results/best_variant/Places365_test_00058811_best_lama_hybrid_blend_cut01.png
Places365_test_00058813,lama_hybrid_blend_cut01,lpips,0.001333,results/lama_hybrid/Places365_test_00058813_lama_hybrid_blend_cut01.png,results/best_variant/Places365_test_00058813_best_lama_hybrid_blend_cut01.png
Places365_test_00060309,lama_hybrid_blend_cut01,lpips,0.026088,results/lama_hybrid/Places365_test_00060309_lama_hybrid_blend_cut01.png,results/best_variant/Places365_test_00060309_best_lama_hybrid_blend_cut01.png
Places365_test_00060761,lama_hybrid_blend_cut01,lpips,0.003321,results/lama_hybrid/Places365_test_00060761_lama_hybrid_blend_cut01.png,results/best_variant/Places365_test_00060761_best_lama_hybrid_blend_cut01.png
Places365_test_00061388,lama_hybrid_blend_cut01,lpips,0.000932,results/lama_hybrid/Places365_test_00061388_lama_hybrid_blend_cut01.png,results/best_variant/Places365_test_00061388_best_lama_hybrid_blend_cut01.png
Places365_test_00065106,lama_hybrid_blend_cut01,lpips,0.003193,results/lama_hybrid/Places365_test_00065106_lama_hybrid_blend_cut01.png,results/best_variant/Places365_test_00065106_best_lama_hybrid_blend_cut01.png
Places365_test_00070171,lama_hybrid_blend_cut01,lpips,0.002962,results/lama_hybrid/Places365_test_00070171_lama_hybrid_blend_cut01.png,results/best_variant/Places365_test_00070171_best_lama_hybrid_blend_cut01.png
Places365_test_00072057,lama_hybrid_blend_cut01,lpips,0.00131,results/lama_hybrid/Places365_test_00072057_lama_hybrid_blend_cut01.png,results/best_variant/Places365_test_00072057_best_lama_hybrid_blend_cut01.png
Places365_test_00074582,lama_hybrid_blend_cut01,lpips,0.001516,results/lama_hybrid/Places365_test_00074582_lama_hybrid_blend_cut01.png,results/best_variant/Places365_test_00074582_best_lama_hybrid_blend_cut01.png
Places365_test_00074935,lama_hybrid_blend_cut01,lpips,0.002272,results/lama_hybrid/Places365_test_00074935_lama_hybrid_blend_cut01.png,results/best_variant/Places365_test_00074935_best_lama_hybrid_blend_cut01.png
Places365_test_00075478,lama_hybrid_blend_cut01,lpips,0.00338,results/lama_hybrid/Places365_test_00075478_lama_hybrid_blend_cut01.png,results/best_variant/Places365_test_00075478_best_lama_hybrid_blend_cut01.png
Places365_test_00076570,lama_hybrid_blend_cut01,lpips,0.001151,results/lama_hybrid/Places365_test_00076570_lama_hybrid_blend_cut01.png,results/best_variant/Places365_test_00076570_best_lama_hybrid_blend_cut01.png
Places365_test_00077231,lama_hybrid_blend_cut01,lpips,0.006484,results/lama_hybrid/Places365_test_00077231_lama_hybrid_blend_cut01.png,results/best_variant/Places365_test_00077231_best_lama_hybrid_blend_cut01.png
Places365_test_00077261,lama_hybrid_blend_cut01,lpips,0.002041,results/lama_hybrid/Places365_test_00077261_lama_hybrid_blend_cut01.png,results/best_variant/Places365_test_00077261_best_lama_hybrid_blend_cut01.png
Places365_test_00077333,lama_hybrid_blend_cut01,lpips,0.001768,results/lama_hybrid/Places365_test_00077333_lama_hybrid_blend_cut01.png,results/best_variant/Places365_test_00077333_best_lama_hybrid_blend_cut01.png
Places365_test_00077640,lama_hybrid_blend_cut01,lpips,0.014166,results/lama_hybrid/Places365_test_00077640_lama_hybrid_blend_cut01.png,results/best_variant/Places365_test_00077640_best_lama_hybrid_blend_cut01.png
Places365_test_00077784,lama_hybrid_blend_cut01,lpips,0.004044,results/lama_hybrid/Places365_test_00077784_lama_hybrid_blend_cut01.png,results/best_variant/Places365_test_00077784_best_lama_hybrid_blend_cut01.png
Places365_test_00077953,lama_hybrid_blend_cut01,lpips,0.001059,results/lama_hybrid/Places365_test_00077953_lama_hybrid_blend_cut01.png,results/best_variant/Places365_test_00077953_best_lama_hybrid_blend_cut01.png
Places365_test_00078360,lama_hybrid_blend_cut01,lpips,0.017526,results/lama_hybrid/Places365_test_00078360_lama_hybrid_blend_cut01.png,results/best_variant/Places365_test_00078360_best_lama_hybrid_blend_cut01.png
Places365_test_00078821,lama_hybrid_blend_cut01,lpips,0.003165,results/lama_hybrid/Places365_test_00078821_lama_hybrid_blend_cut01.png,results/best_variant/Places365_test_00078821_best_lama_hybrid_blend_cut01.png
Places365_test_00080149,lama_hybrid_blend_cut01,lpips,0.023337,results/lama_hybrid/Places365_test_00080149_lama_hybrid_blend_cut01.png,results/best_variant/Places365_test_00080149_best_lama_hybrid_blend_cut01.png
Places365_test_00080798,lama_hybrid_blend_cut01,lpips,0.029332,results/lama_hybrid/Places365_test_00080798_lama_hybrid_blend_cut01.png,results/best_variant/Places365_test_00080798_best_lama_hybrid_blend_cut01.png
Places365_test_00080909,lama_hybrid_blend_cut01,lpips,0.00059,results/lama_hybrid/Places365_test_00080909_lama_hybrid_blend_cut01.png,results/best_variant/Places365_test_00080909_best_lama_hybrid_blend_cut01.png
Places365_test_00081701,lama_hybrid_blend_cut01,lpips,0.000175,results/lama_hybrid/Places365_test_00081701_lama_hybrid_blend_cut01.png,results/best_variant/Places365_test_00081701_best_lama_hybrid_blend_cut01.png
Places365_test_00081767,lama_hybrid_blend_cut01,lpips,0.007338,results/lama_hybrid/Places365_test_00081767_lama_hybrid_blend_cut01.png,results/best_variant/Places365_test_00081767_best_lama_hybrid_blend_cut01.png
Places365_test_00083137,lama_hybrid_blend_cut01,lpips,0.000778,results/lama_hybrid/Places365_test_00083137_lama_hybrid_blend_cut01.png,results/best_variant/Places365_test_00083137_best_lama_hybrid_blend_cut01.png
Places365_test_00083839,lama_hybrid_blend_cut01,lpips,0.049348,results/lama_hybrid/Places365_test_00083839_lama_hybrid_blend_cut01.png,results/best_variant/Places365_test_00083839_best_lama_hybrid_blend_cut01.png
Places365_test_00083952,lama_hybrid_blend_cut01,lpips,0.001696,results/lama_hybrid/Places365_test_00083952_lama_hybrid_blend_cut01.png,results/best_variant/Places365_test_00083952_best_lama_hybrid_blend_cut01.png
Places365_test_00084245,lama_hybrid_blend_cut01,lpips,0.008452,results/lama_hybrid/Places365_test_00084245_lama_hybrid_blend_cut01.png,results/best_variant/Places365_test_00084245_best_lama_hybrid_blend_cut01.png
Places365_test_00086262,lama_hybrid_blend_cut01,lpips,0.015817,results/lama_hybrid/Places365_test_00086262_lama_hybrid_blend_cut01.png,results/best_variant/Places365_test_00086262_best_lama_hybrid_blend_cut01.png
Places365_test_00086274,lama_hybrid_blend_cut01,lpips,0.000846,results/lama_hybrid/Places365_test_00086274_lama_hybrid_blend_cut01.png,results/best_variant/Places365_test_00086274_best_lama_hybrid_blend_cut01.png
Places365_test_00086984,lama_hybrid_blend_cut01,lpips,0.000882,results/lama_hybrid/Places365_test_00086984_lama_hybrid_blend_cut01.png,results/best_variant/Places365_test_00086984_best_lama_hybrid_blend_cut01.png
Places365_test_00087640,lama_hybrid_blend_cut01,lpips,0.000663,results/lama_hybrid/Places365_test_00087640_lama_hybrid_blend_cut01.png,results/best_variant/Places365_test_00087640_best_lama_hybrid_blend_cut01.png
Places365_test_00088168,lama_hybrid_blend_cut01,lpips,0.010559,results/lama_hybrid/Places365_test_00088168_lama_hybrid_blend_cut01.png,results/best_variant/Places365_test_00088168_best_lama_hybrid_blend_cut01.png
Places365_test_00088203,lama_hybrid_blend_cut01,lpips,0.000183,results/lama_hybrid/Places365_test_00088203_lama_hybrid_blend_cut01.png,results/best_variant/Places365_test_00088203_best_lama_hybrid_blend_cut01.png
Places365_test_00091177,lama_hybrid_blend_cut01,lpips,0.009217,results/lama_hybrid/Places365_test_00091177_lama_hybrid_blend_cut01.png,results/best_variant/Places365_test_00091177_best_lama_hybrid_blend_cut01.png
Places365_test_00094256,lama_hybrid_blend_cut01,lpips,0.006788,results/lama_hybrid/Places365_test_00094256_lama_hybrid_blend_cut01.png,results/best_variant/Places365_test_00094256_best_lama_hybrid_blend_cut01.png
Places365_test_00095386,lama_hybrid_blend_cut01,lpips,0.002444,results/lama_hybrid/Places365_test_00095386_lama_hybrid_blend_cut01.png,results/best_variant/Places365_test_00095386_best_lama_hybrid_blend_cut01.png
Places365_test_00097857,lama_hybrid_blend_cut01,lpips,0.03771,results/lama_hybrid/Places365_test_00097857_lama_hybrid_blend_cut01.png,results/best_variant/Places365_test_00097857_best_lama_hybrid_blend_cut01.png
Places365_test_00098264,lama_hybrid_blend_cut01,lpips,0.000244,results/lama_hybrid/Places365_test_00098264_lama_hybrid_blend_cut01.png,results/best_variant/Places365_test_00098264_best_lama_hybrid_blend_cut01.png
Places365_test_00098398,lama_hybrid_blend_cut01,lpips,0.004578,results/lama_hybrid/Places365_test_00098398_lama_hybrid_blend_cut01.png,results/best_variant/Places365_test_00098398_best_lama_hybrid_blend_cut01.png
Places365_test_00098568,lama_hybrid_blend_cut01,lpips,0.014222,results/lama_hybrid/Places365_test_00098568_lama_hybrid_blend_cut01.png,results/best_variant/Places365_test_00098568_best_lama_hybrid_blend_cut01.png
Places365_test_00098623,lama_hybrid_blend_cut01,lpips,0.000486,results/lama_hybrid/Places365_test_00098623_lama_hybrid_blend_cut01.png,results/best_variant/Places365_test_00098623_best_lama_hybrid_blend_cut01.png
Places365_test_00098949,lama_hybrid_blend_cut01,lpips,0.002636,results/lama_hybrid/Places365_test_00098949_lama_hybrid_blend_cut01.png,results/best_variant/Places365_test_00098949_best_lama_hybrid_blend_cut01.png
Places365_test_00099398,lama_hybrid_blend_cut01,lpips,0.00794,results/lama_hybrid/Places365_test_00099398_lama_hybrid_blend_cut01.png,results/best_variant/Places365_test_00099398_best_lama_hybrid_blend_cut01.png
Places365_test_00100894,lama_hybrid_blend_cut01,lpips,0.068722,results/lama_hybrid/Places365_test_00100894_lama_hybrid_blend_cut01.png,results/best_variant/Places365_test_00100894_best_lama_hybrid_blend_cut01.png
Places365_test_00101049,lama_hybrid_blend_cut01,lpips,0.000724,results/lama_hybrid/Places365_test_00101049_lama_hybrid_blend_cut01.png,results/best_variant/Places365_test_00101049_best_lama_hybrid_blend_cut01.png
Places365_test_00101693,lama_hybrid_blend_cut01,lpips,0.001401,results/lama_hybrid/Places365_test_00101693_lama_hybrid_blend_cut01.png,results/best_variant/Places365_test_00101693_best_lama_hybrid_blend_cut01.png
Places365_test_00102483,lama_hybrid_blend_cut01,lpips,0.002062,results/lama_hybrid/Places365_test_00102483_lama_hybrid_blend_cut01.png,results/best_variant/Places365_test_00102483_best_lama_hybrid_blend_cut01.png
Places365_test_00103879,lama_hybrid_blend_cut01,lpips,0.002519,results/lama_hybrid/Places365_test_00103879_lama_hybrid_blend_cut01.png,results/best_variant/Places365_test_00103879_best_lama_hybrid_blend_cut01.png
Places365_test_00103888,lama_hybrid_blend_cut01,lpips,0.000262,results/lama_hybrid/Places365_test_00103888_lama_hybrid_blend_cut01.png,results/best_variant/Places365_test_00103888_best_lama_hybrid_blend_cut01.png
Places365_test_00104286,lama_hybrid_blend_cut01,lpips,0.000752,results/lama_hybrid/Places365_test_00104286_lama_hybrid_blend_cut01.png,results/best_variant/Places365_test_00104286_best_lama_hybrid_blend_cut01.png
Places365_test_00105204,lama_hybrid_blend_cut01,lpips,0.00171,results/lama_hybrid/Places365_test_00105204_lama_hybrid_blend_cut01.png,results/best_variant/Places365_test_00105204_best_lama_hybrid_blend_cut01.png
Places365_test_00105757,lama_hybrid_blend_cut01,lpips,0.001175,results/lama_hybrid/Places365_test_00105757_lama_hybrid_blend_cut01.png,results/best_variant/Places365_test_00105757_best_lama_hybrid_blend_cut01.png
Places365_test_00106638,lama_hybrid_blend_cut01,lpips,0.043104,results/lama_hybrid/Places365_test_00106638_lama_hybrid_blend_cut01.png,results/best_variant/Places365_test_00106638_best_lama_hybrid_blend_cut01.png
Places365_test_00107813,lama_hybrid_blend_cut01,lpips,0.005104,results/lama_hybrid/Places365_test_00107813_lama_hybrid_blend_cut01.png,results/best_variant/Places365_test_00107813_best_lama_hybrid_blend_cut01.png
Places365_test_00107869,lama_hybrid_blend_cut01,lpips,0.005266,results/lama_hybrid/Places365_test_00107869_lama_hybrid_blend_cut01.png,results/best_variant/Places365_test_00107869_best_lama_hybrid_blend_cut01.png
Places365_test_00108960,lama_hybrid_blend_cut01,lpips,0.029151,results/lama_hybrid/Places365_test_00108960_lama_hybrid_blend_cut01.png,results/best_variant/Places365_test_00108960_best_lama_hybrid_blend_cut01.png
Places365_test_00111300,lama_hybrid_blend_cut01,lpips,0.000175,results/lama_hybrid/Places365_test_00111300_lama_hybrid_blend_cut01.png,results/best_variant/Places365_test_00111300_best_lama_hybrid_blend_cut01.png
Places365_test_00114061,lama_hybrid_blend_cut01,lpips,0.036573,results/lama_hybrid/Places365_test_00114061_lama_hybrid_blend_cut01.png,results/best_variant/Places365_test_00114061_best_lama_hybrid_blend_cut01.png
Places365_test_00114952,lama_hybrid_blend_cut01,lpips,0.001569,results/lama_hybrid/Places365_test_00114952_lama_hybrid_blend_cut01.png,results/best_variant/Places365_test_00114952_best_lama_hybrid_blend_cut01.png
Places365_test_00115097,lama_hybrid_blend_cut01,lpips,0.00125,results/lama_hybrid/Places365_test_00115097_lama_hybrid_blend_cut01.png,results/best_variant/Places365_test_00115097_best_lama_hybrid_blend_cut01.png
Places365_test_00116585,lama_hybrid_blend_cut01,lpips,0.023217,results/lama_hybrid/Places365_test_00116585_lama_hybrid_blend_cut01.png,results/best_variant/Places365_test_00116585_best_lama_hybrid_blend_cut01.png
Places365_test_00117596,lama_hybrid_blend_cut01,lpips,0.039575,results/lama_hybrid/Places365_test_00117596_lama_hybrid_blend_cut01.png,results/best_variant/Places365_test_00117596_best_lama_hybrid_blend_cut01.png
Places365_test_00118295,lama_hybrid_blend_cut01,lpips,0.00185,results/lama_hybrid/Places365_test_00118295_lama_hybrid_blend_cut01.png,results/best_variant/Places365_test_00118295_best_lama_hybrid_blend_cut01.png
Places365_test_00120018,lama_hybrid_blend_cut01,lpips,0.001483,results/lama_hybrid/Places365_test_00120018_lama_hybrid_blend_cut01.png,results/best_variant/Places365_test_00120018_best_lama_hybrid_blend_cut01.png
Places365_test_00120244,lama_hybrid_blend_cut01,lpips,0.001463,results/lama_hybrid/Places365_test_00120244_lama_hybrid_blend_cut01.png,results/best_variant/Places365_test_00120244_best_lama_hybrid_blend_cut01.png
Places365_test_00120362,lama_hybrid_blend_cut01,lpips,0.001812,results/lama_hybrid/Places365_test_00120362_lama_hybrid_blend_cut01.png,results/best_variant/Places365_test_00120362_best_lama_hybrid_blend_cut01.png
Places365_test_00121995,lama_hybrid_blend_cut01,lpips,0.027921,results/lama_hybrid/Places365_test_00121995_lama_hybrid_blend_cut01.png,results/best_variant/Places365_test_00121995_best_lama_hybrid_blend_cut01.png
Places365_test_00125378,lama_hybrid_blend_cut01,lpips,0.041327,results/lama_hybrid/Places365_test_00125378_lama_hybrid_blend_cut01.png,results/best_variant/Places365_test_00125378_best_lama_hybrid_blend_cut01.png
Places365_test_00125754,lama_hybrid_blend_cut01,lpips,0.008406,results/lama_hybrid/Places365_test_00125754_lama_hybrid_blend_cut01.png,results/best_variant/Places365_test_00125754_best_lama_hybrid_blend_cut01.png
Places365_test_00127912,lama_hybrid_blend_cut01,lpips,0.036569,results/lama_hybrid/Places365_test_00127912_lama_hybrid_blend_cut01.png,results/best_variant/Places365_test_00127912_best_lama_hybrid_blend_cut01.png
Places365_test_00128100,lama_hybrid_blend_cut01,lpips,0.000633,results/lama_hybrid/Places365_test_00128100_lama_hybrid_blend_cut01.png,results/best_variant/Places365_test_00128100_best_lama_hybrid_blend_cut01.png
Places365_test_00128113,lama_hybrid_blend_cut01,lpips,0.005945,results/lama_hybrid/Places365_test_00128113_lama_hybrid_blend_cut01.png,results/best_variant/Places365_test_00128113_best_lama_hybrid_blend_cut01.png
Places365_test_00128526,lama_hybrid_blend_cut01,lpips,0.007795,results/lama_hybrid/Places365_test_00128526_lama_hybrid_blend_cut01.png,results/best_variant/Places365_test_00128526_best_lama_hybrid_blend_cut01.png
Places365_test_00128829,lama_hybrid_blend_cut01,lpips,0.000415,results/lama_hybrid/Places365_test_00128829_lama_hybrid_blend_cut01.png,results/best_variant/Places365_test_00128829_best_lama_hybrid_blend_cut01.png
Places365_test_00130158,lama_hybrid_blend_cut01,lpips,0.03456,results/lama_hybrid/Places365_test_00130158_lama_hybrid_blend_cut01.png,results/best_variant/Places365_test_00130158_best_lama_hybrid_blend_cut01.png
Places365_test_00133111,lama_hybrid_blend_cut01,lpips,0.003596,results/lama_hybrid/Places365_test_00133111_lama_hybrid_blend_cut01.png,results/best_variant/Places365_test_00133111_best_lama_hybrid_blend_cut01.png
Places365_test_00136334,lama_hybrid_blend_cut01,lpips,0.009699,results/lama_hybrid/Places365_test_00136334_lama_hybrid_blend_cut01.png,results/best_variant/Places365_test_00136334_best_lama_hybrid_blend_cut01.png
Places365_test_00137260,lama_hybrid_blend_cut01,lpips,0.000188,results/lama_hybrid/Places365_test_00137260_lama_hybrid_blend_cut01.png,results/best_variant/Places365_test_00137260_best_lama_hybrid_blend_cut01.png
Places365_test_00137412,lama_hybrid_blend_cut01,lpips,0.000148,results/lama_hybrid/Places365_test_00137412_lama_hybrid_blend_cut01.png,results/best_variant/Places365_test_00137412_best_lama_hybrid_blend_cut01.png
Places365_test_00137493,lama_hybrid_blend_cut01,lpips,0.003909,results/lama_hybrid/Places365_test_00137493_lama_hybrid_blend_cut01.png,results/best_variant/Places365_test_00137493_best_lama_hybrid_blend_cut01.png
Places365_test_00137787,lama_hybrid_blend_cut01,lpips,0.04627,results/lama_hybrid/Places365_test_00137787_lama_hybrid_blend_cut01.png,results/best_variant/Places365_test_00137787_best_lama_hybrid_blend_cut01.png
Places365_test_00141617,lama_hybrid_blend_cut01,lpips,0.00066,results/lama_hybrid/Places365_test_00141617_lama_hybrid_blend_cut01.png,results/best_variant/Places365_test_00141617_best_lama_hybrid_blend_cut01.png
Places365_test_00142137,lama_hybrid_blend_cut01,lpips,0.001601,results/lama_hybrid/Places365_test_00142137_lama_hybrid_blend_cut01.png,results/best_variant/Places365_test_00142137_best_lama_hybrid_blend_cut01.png
Places365_test_00142212,lama_hybrid_blend_cut01,lpips,0.027184,results/lama_hybrid/Places365_test_00142212_lama_hybrid_blend_cut01.png,results/best_variant/Places365_test_00142212_best_lama_hybrid_blend_cut01.png
Places365_test_00143128,lama_hybrid_blend_cut01,lpips,0.001001,results/lama_hybrid/Places365_test_00143128_lama_hybrid_blend_cut01.png,results/best_variant/Places365_test_00143128_best_lama_hybrid_blend_cut01.png
Places365_test_00143242,lama_hybrid_blend_cut01,lpips,0.004471,results/lama_hybrid/Places365_test_00143242_lama_hybrid_blend_cut01.png,results/best_variant/Places365_test_00143242_best_lama_hybrid_blend_cut01.png
Places365_test_00143647,lama_hybrid_blend_cut01,lpips,0.038603,results/lama_hybrid/Places365_test_00143647_lama_hybrid_blend_cut01.png,results/best_variant/Places365_test_00143647_best_lama_hybrid_blend_cut01.png
Places365_test_00145153,lama_hybrid_blend_cut01,lpips,0.000702,results/lama_hybrid/Places365_test_00145153_lama_hybrid_blend_cut01.png,results/best_variant/Places365_test_00145153_best_lama_hybrid_blend_cut01.png
Places365_test_00148333,lama_hybrid_blend_cut01,lpips,0.007463,results/lama_hybrid/Places365_test_00148333_lama_hybrid_blend_cut01.png,results/best_variant/Places365_test_00148333_best_lama_hybrid_blend_cut01.png
Places365_test_00148624,lama_hybrid_blend_cut01,lpips,0.00345,results/lama_hybrid/Places365_test_00148624_lama_hybrid_blend_cut01.png,results/best_variant/Places365_test_00148624_best_lama_hybrid_blend_cut01.png
Places365_test_00150904,lama_hybrid_blend_cut01,lpips,0.002282,results/lama_hybrid/Places365_test_00150904_lama_hybrid_blend_cut01.png,results/best_variant/Places365_test_00150904_best_lama_hybrid_blend_cut01.png
Places365_test_00151568,lama_hybrid_blend_cut01,lpips,0.001896,results/lama_hybrid/Places365_test_00151568_lama_hybrid_blend_cut01.png,results/best_variant/Places365_test_00151568_best_lama_hybrid_blend_cut01.png
Places365_test_00151793,lama_hybrid_blend_cut01,lpips,0.025439,results/lama_hybrid/Places365_test_00151793_lama_hybrid_blend_cut01.png,results/best_variant/Places365_test_00151793_best_lama_hybrid_blend_cut01.png
Places365_test_00152884,lama_hybrid_blend_cut01,lpips,0.001812,results/lama_hybrid/Places365_test_00152884_lama_hybrid_blend_cut01.png,results/best_variant/Places365_test_00152884_best_lama_hybrid_blend_cut01.png
Places365_test_00153843,lama_hybrid_blend_cut01,lpips,0.000584,results/lama_hybrid/Places365_test_00153843_lama_hybrid_blend_cut01.png,results/best_variant/Places365_test_00153843_best_lama_hybrid_blend_cut01.png
Places365_test_00155141,lama_hybrid_blend_cut01,lpips,0.00034,results/lama_hybrid/Places365_test_00155141_lama_hybrid_blend_cut01.png,results/best_variant/Places365_test_00155141_best_lama_hybrid_blend_cut01.png
Places365_test_00157195,lama_hybrid_blend_cut01,lpips,0.001047,results/lama_hybrid/Places365_test_00157195_lama_hybrid_blend_cut01.png,results/best_variant/Places365_test_00157195_best_lama_hybrid_blend_cut01.png
Places365_test_00157430,lama_hybrid_blend_cut01,lpips,0.001193,results/lama_hybrid/Places365_test_00157430_lama_hybrid_blend_cut01.png,results/best_variant/Places365_test_00157430_best_lama_hybrid_blend_cut01.png
Places365_test_00158768,lama_hybrid_blend_cut01,lpips,0.00012,results/lama_hybrid/Places365_test_00158768_lama_hybrid_blend_cut01.png,results/best_variant/Places365_test_00158768_best_lama_hybrid_blend_cut01.png
Places365_test_00163309,lama_hybrid_blend_cut01,lpips,0.042793,results/lama_hybrid/Places365_test_00163309_lama_hybrid_blend_cut01.png,results/best_variant/Places365_test_00163309_best_lama_hybrid_blend_cut01.png
Places365_test_00164143,lama_hybrid_blend_cut01,lpips,0.00066,results/lama_hybrid/Places365_test_00164143_lama_hybrid_blend_cut01.png,results/best_variant/Places365_test_00164143_best_lama_hybrid_blend_cut01.png
Places365_test_00165244,lama_hybrid_blend_cut01,lpips,0.00097,results/lama_hybrid/Places365_test_00165244_lama_hybrid_blend_cut01.png,results/best_variant/Places365_test_00165244_best_lama_hybrid_blend_cut01.png
Places365_test_00166961,lama_hybrid_blend_cut01,lpips,0.00066,results/lama_hybrid/Places365_test_00166961_lama_hybrid_blend_cut01.png,results/best_variant/Places365_test_00166961_best_lama_hybrid_blend_cut01.png
Places365_test_00168416,lama_hybrid_blend_cut01,lpips,0.024567,results/lama_hybrid/Places365_test_00168416_lama_hybrid_blend_cut01.png,results/best_variant/Places365_test_00168416_best_lama_hybrid_blend_cut01.png
Places365_test_00168571,lama_hybrid_blend_cut01,lpips,0.000457,results/lama_hybrid/Places365_test_00168571_lama_hybrid_blend_cut01.png,results/best_variant/Places365_test_00168571_best_lama_hybrid_blend_cut01.png
Places365_test_00168691,lama_hybrid_blend_cut01,lpips,0.029916,results/lama_hybrid/Places365_test_00168691_lama_hybrid_blend_cut01.png,results/best_variant/Places365_test_00168691_best_lama_hybrid_blend_cut01.png
Places365_test_00169688,lama_hybrid_blend_cut01,lpips,0.00101,results/lama_hybrid/Places365_test_00169688_lama_hybrid_blend_cut01.png,results/best_variant/Places365_test_00169688_best_lama_hybrid_blend_cut01.png
Places365_test_00169900,lama_hybrid_blend_cut01,lpips,0.024758,results/lama_hybrid/Places365_test_00169900_lama_hybrid_blend_cut01.png,results/best_variant/Places365_test_00169900_best_lama_hybrid_blend_cut01.png
Places365_test_00170770,lama_hybrid_blend_cut01,lpips,0.003101,results/lama_hybrid/Places365_test_00170770_lama_hybrid_blend_cut01.png,results/best_variant/Places365_test_00170770_best_lama_hybrid_blend_cut01.png
Places365_test_00170996,lama_hybrid_blend_cut01,lpips,0.001133,results/lama_hybrid/Places365_test_00170996_lama_hybrid_blend_cut01.png,results/best_variant/Places365_test_00170996_best_lama_hybrid_blend_cut01.png
Places365_test_00172476,lama_hybrid_blend_cut01,lpips,0.000152,results/lama_hybrid/Places365_test_00172476_lama_hybrid_blend_cut01.png,results/best_variant/Places365_test_00172476_best_lama_hybrid_blend_cut01.png
Places365_test_00172754,lama_hybrid_blend_cut01,lpips,0.062104,results/lama_hybrid/Places365_test_00172754_lama_hybrid_blend_cut01.png,results/best_variant/Places365_test_00172754_best_lama_hybrid_blend_cut01.png
Places365_test_00172823,lama_hybrid_blend_cut01,lpips,8.2e-05,results/lama_hybrid/Places365_test_00172823_lama_hybrid_blend_cut01.png,results/best_variant/Places365_test_00172823_best_lama_hybrid_blend_cut01.png
Places365_test_00175236,lama_hybrid_blend_cut01,lpips,0.003288,results/lama_hybrid/Places365_test_00175236_lama_hybrid_blend_cut01.png,results/best_variant/Places365_test_00175236_best_lama_hybrid_blend_cut01.png
Places365_test_00176746,lama_hybrid_blend_cut01,lpips,0.033508,results/lama_hybrid/Places365_test_00176746_lama_hybrid_blend_cut01.png,results/best_variant/Places365_test_00176746_best_lama_hybrid_blend_cut01.png
Places365_test_00176998,lama_hybrid_blend_cut01,lpips,0.007193,results/lama_hybrid/Places365_test_00176998_lama_hybrid_blend_cut01.png,results/best_variant/Places365_test_00176998_best_lama_hybrid_blend_cut01.png
Places365_test_00179241,lama_hybrid_blend_cut01,lpips,0.015532,results/lama_hybrid/Places365_test_00179241_lama_hybrid_blend_cut01.png,results/best_variant/Places365_test_00179241_best_lama_hybrid_blend_cut01.png
Places365_test_00179875,lama_hybrid_blend_cut01,lpips,0.006141,results/lama_hybrid/Places365_test_00179875_lama_hybrid_blend_cut01.png,results/best_variant/Places365_test_00179875_best_lama_hybrid_blend_cut01.png
Places365_test_00181827,lama_hybrid_blend_cut01,lpips,0.036585,results/lama_hybrid/Places365_test_00181827_lama_hybrid_blend_cut01.png,results/best_variant/Places365_test_00181827_best_lama_hybrid_blend_cut01.png
Places365_test_00183680,lama_hybrid_blend_cut01,lpips,0.002008,results/lama_hybrid/Places365_test_00183680_lama_hybrid_blend_cut01.png,results/best_variant/Places365_test_00183680_best_lama_hybrid_blend_cut01.png
Places365_test_00186360,lama_hybrid_blend_cut01,lpips,0.00011,results/lama_hybrid/Places365_test_00186360_lama_hybrid_blend_cut01.png,results/best_variant/Places365_test_00186360_best_lama_hybrid_blend_cut01.png
Places365_test_00188877,lama_hybrid_blend_cut01,lpips,0.010785,results/lama_hybrid/Places365_test_00188877_lama_hybrid_blend_cut01.png,results/best_variant/Places365_test_00188877_best_lama_hybrid_blend_cut01.png
Places365_test_00189605,lama_hybrid_blend_cut01,lpips,0.093825,results/lama_hybrid/Places365_test_00189605_lama_hybrid_blend_cut01.png,results/best_variant/Places365_test_00189605_best_lama_hybrid_blend_cut01.png
Places365_test_00190135,lama_hybrid_blend_cut01,lpips,0.004913,results/lama_hybrid/Places365_test_00190135_lama_hybrid_blend_cut01.png,results/best_variant/Places365_test_00190135_best_lama_hybrid_blend_cut01.png
Places365_test_00190959,lama_hybrid_blend_cut01,lpips,0.008211,results/lama_hybrid/Places365_test_00190959_lama_hybrid_blend_cut01.png,results/best_variant/Places365_test_00190959_best_lama_hybrid_blend_cut01.png
Places365_test_00191995,lama_hybrid_blend_cut01,lpips,0.019429,results/lama_hybrid/Places365_test_00191995_lama_hybrid_blend_cut01.png,results/best_variant/Places365_test_00191995_best_lama_hybrid_blend_cut01.png
Places365_test_00195513,lama_hybrid_blend_cut01,lpips,0.000457,results/lama_hybrid/Places365_test_00195513_lama_hybrid_blend_cut01.png,results/best_variant/Places365_test_00195513_best_lama_hybrid_blend_cut01.png
Places365_test_00195696,lama_hybrid_blend_cut01,lpips,0.075907,results/lama_hybrid/Places365_test_00195696_lama_hybrid_blend_cut01.png,results/best_variant/Places365_test_00195696_best_lama_hybrid_blend_cut01.png
Places365_test_00196337,lama_hybrid_blend_cut01,lpips,0.012971,results/lama_hybrid/Places365_test_00196337_lama_hybrid_blend_cut01.png,results/best_variant/Places365_test_00196337_best_lama_hybrid_blend_cut01.png
Places365_test_00196484,lama_hybrid_blend_cut01,lpips,0.001273,results/lama_hybrid/Places365_test_00196484_lama_hybrid_blend_cut01.png,results/best_variant/Places365_test_00196484_best_lama_hybrid_blend_cut01.png
Places365_test_00197298,lama_hybrid_blend_cut01,lpips,0.026593,results/lama_hybrid/Places365_test_00197298_lama_hybrid_blend_cut01.png,results/best_variant/Places365_test_00197298_best_lama_hybrid_blend_cut01.png
Places365_test_00198602,lama_hybrid_blend_cut01,lpips,0.001055,results/lama_hybrid/Places365_test_00198602_lama_hybrid_blend_cut01.png,results/best_variant/Places365_test_00198602_best_lama_hybrid_blend_cut01.png
Places365_test_00199303,lama_hybrid_blend_cut01,lpips,0.02318,results/lama_hybrid/Places365_test_00199303_lama_hybrid_blend_cut01.png,results/best_variant/Places365_test_00199303_best_lama_hybrid_blend_cut01.png
Places365_test_00200192,lama_hybrid_blend_cut01,lpips,0.00077,results/lama_hybrid/Places365_test_00200192_lama_hybrid_blend_cut01.png,results/best_variant/Places365_test_00200192_best_lama_hybrid_blend_cut01.png
Places365_test_00201798,lama_hybrid_blend_cut01,lpips,9.8e-05,results/lama_hybrid/Places365_test_00201798_lama_hybrid_blend_cut01.png,results/best_variant/Places365_test_00201798_best_lama_hybrid_blend_cut01.png
Places365_test_00203628,lama_hybrid_blend_cut01,lpips,0.014896,results/lama_hybrid/Places365_test_00203628_lama_hybrid_blend_cut01.png,results/best_variant/Places365_test_00203628_best_lama_hybrid_blend_cut01.png
Places365_test_00204023,lama_hybrid_blend_cut01,lpips,0.000627,results/lama_hybrid/Places365_test_00204023_lama_hybrid_blend_cut01.png,results/best_variant/Places365_test_00204023_best_lama_hybrid_blend_cut01.png
Places365_test_00206889,lama_hybrid_blend_cut01,lpips,0.002149,results/lama_hybrid/Places365_test_00206889_lama_hybrid_blend_cut01.png,results/best_variant/Places365_test_00206889_best_lama_hybrid_blend_cut01.png
Places365_test_00208945,lama_hybrid_blend_cut01,lpips,0.001481,results/lama_hybrid/Places365_test_00208945_lama_hybrid_blend_cut01.png,results/best_variant/Places365_test_00208945_best_lama_hybrid_blend_cut01.png
Places365_test_00211692,lama_hybrid_blend_cut01,lpips,7.8e-05,results/lama_hybrid/Places365_test_00211692_lama_hybrid_blend_cut01.png,results/best_variant/Places365_test_00211692_best_lama_hybrid_blend_cut01.png
Places365_test_00212889,lama_hybrid_blend_cut01,lpips,0.009263,results/lama_hybrid/Places365_test_00212889_lama_hybrid_blend_cut01.png,results/best_variant/Places365_test_00212889_best_lama_hybrid_blend_cut01.png
Places365_test_00213213,lama_hybrid_blend_cut01,lpips,0.006381,results/lama_hybrid/Places365_test_00213213_lama_hybrid_blend_cut01.png,results/best_variant/Places365_test_00213213_best_lama_hybrid_blend_cut01.png
Places365_test_00218246,lama_hybrid_blend_cut01,lpips,0.001479,results/lama_hybrid/Places365_test_00218246_lama_hybrid_blend_cut01.png,results/best_variant/Places365_test_00218246_best_lama_hybrid_blend_cut01.png
Places365_test_00221467,lama_hybrid_blend_cut01,lpips,0.00153,results/lama_hybrid/Places365_test_00221467_lama_hybrid_blend_cut01.png,results/best_variant/Places365_test_00221467_best_lama_hybrid_blend_cut01.png
Places365_test_00224228,lama_hybrid_blend_cut01,lpips,0.003388,results/lama_hybrid/Places365_test_00224228_lama_hybrid_blend_cut01.png,results/best_variant/Places365_test_00224228_best_lama_hybrid_blend_cut01.png
Places365_test_00224494,lama_hybrid_blend_cut01,lpips,0.036258,results/lama_hybrid/Places365_test_00224494_lama_hybrid_blend_cut01.png,results/best_variant/Places365_test_00224494_best_lama_hybrid_blend_cut01.png
Places365_test_00225256,lama_hybrid_blend_cut01,lpips,0.001117,results/lama_hybrid/Places365_test_00225256_lama_hybrid_blend_cut01.png,results/best_variant/Places365_test_00225256_best_lama_hybrid_blend_cut01.png
Places365_test_00226577,lama_hybrid_blend_cut01,lpips,0.003197,results/lama_hybrid/Places365_test_00226577_lama_hybrid_blend_cut01.png,results/best_variant/Places365_test_00226577_best_lama_hybrid_blend_cut01.png
Places365_test_00226834,lama_hybrid_blend_cut01,lpips,0.013037,results/lama_hybrid/Places365_test_00226834_lama_hybrid_blend_cut01.png,results/best_variant/Places365_test_00226834_best_lama_hybrid_blend_cut01.png
Places365_test_00227909,lama_hybrid_blend_cut01,lpips,5.5e-05,results/lama_hybrid/Places365_test_00227909_lama_hybrid_blend_cut01.png,results/best_variant/Places365_test_00227909_best_lama_hybrid_blend_cut01.png
Places365_test_00232174,lama_hybrid_blend_cut01,lpips,0.001781,results/lama_hybrid/Places365_test_00232174_lama_hybrid_blend_cut01.png,results/best_variant/Places365_test_00232174_best_lama_hybrid_blend_cut01.png
Places365_test_00233024,lama_hybrid_blend_cut01,lpips,0.027686,results/lama_hybrid/Places365_test_00233024_lama_hybrid_blend_cut01.png,results/best_variant/Places365_test_00233024_best_lama_hybrid_blend_cut01.png
Places365_test_00234061,lama_hybrid_blend_cut01,lpips,0.000493,results/lama_hybrid/Places365_test_00234061_lama_hybrid_blend_cut01.png,results/best_variant/Places365_test_00234061_best_lama_hybrid_blend_cut01.png
Places365_test_00235168,lama_hybrid_blend_cut01,lpips,0.00035,results/lama_hybrid/Places365_test_00235168_lama_hybrid_blend_cut01.png,results/best_variant/Places365_test_00235168_best_lama_hybrid_blend_cut01.png
Places365_test_00236539,lama_hybrid_blend_cut01,lpips,0.004149,results/lama_hybrid/Places365_test_00236539_lama_hybrid_blend_cut01.png,results/best_variant/Places365_test_00236539_best_lama_hybrid_blend_cut01.png
Places365_test_00236670,lama_hybrid_blend_cut01,lpips,0.002385,results/lama_hybrid/Places365_test_00236670_lama_hybrid_blend_cut01.png,results/best_variant/Places365_test_00236670_best_lama_hybrid_blend_cut01.png
Places365_test_00236841,lama_hybrid_blend_cut01,lpips,0.026846,results/lama_hybrid/Places365_test_00236841_lama_hybrid_blend_cut01.png,results/best_variant/Places365_test_00236841_best_lama_hybrid_blend_cut01.png
Places365_test_00241195,lama_hybrid_blend_cut01,lpips,0.000556,results/lama_hybrid/Places365_test_00241195_lama_hybrid_blend_cut01.png,results/best_variant/Places365_test_00241195_best_lama_hybrid_blend_cut01.png
Places365_test_00241376,lama_hybrid_blend_cut01,lpips,0.008707,results/lama_hybrid/Places365_test_00241376_lama_hybrid_blend_cut01.png,results/best_variant/Places365_test_00241376_best_lama_hybrid_blend_cut01.png
Places365_test_00244373,lama_hybrid_blend_cut01,lpips,0.001818,results/lama_hybrid/Places365_test_00244373_lama_hybrid_blend_cut01.png,results/best_variant/Places365_test_00244373_best_lama_hybrid_blend_cut01.png
Places365_test_00245733,lama_hybrid_blend_cut01,lpips,0.003928,results/lama_hybrid/Places365_test_00245733_lama_hybrid_blend_cut01.png,results/best_variant/Places365_test_00245733_best_lama_hybrid_blend_cut01.png
Places365_test_00246279,lama_hybrid_blend_cut01,lpips,0.00312,results/lama_hybrid/Places365_test_00246279_lama_hybrid_blend_cut01.png,results/best_variant/Places365_test_00246279_best_lama_hybrid_blend_cut01.png
Places365_test_00248646,lama_hybrid_blend_cut01,lpips,0.029299,results/lama_hybrid/Places365_test_00248646_lama_hybrid_blend_cut01.png,results/best_variant/Places365_test_00248646_best_lama_hybrid_blend_cut01.png
Places365_test_00249422,lama_hybrid_blend_cut01,lpips,0.000486,results/lama_hybrid/Places365_test_00249422_lama_hybrid_blend_cut01.png,results/best_variant/Places365_test_00249422_best_lama_hybrid_blend_cut01.png
Places365_test_00251729,lama_hybrid_blend_cut01,lpips,0.028415,results/lama_hybrid/Places365_test_00251729_lama_hybrid_blend_cut01.png,results/best_variant/Places365_test_00251729_best_lama_hybrid_blend_cut01.png
Places365_test_00252588,lama_hybrid_blend_cut01,lpips,0.001922,results/lama_hybrid/Places365_test_00252588_lama_hybrid_blend_cut01.png,results/best_variant/Places365_test_00252588_best_lama_hybrid_blend_cut01.png
Places365_test_00253370,lama_hybrid_blend_cut01,lpips,0.000937,results/lama_hybrid/Places365_test_00253370_lama_hybrid_blend_cut01.png,results/best_variant/Places365_test_00253370_best_lama_hybrid_blend_cut01.png
Places365_test_00257610,lama_hybrid_blend_cut01,lpips,0.00382,results/lama_hybrid/Places365_test_00257610_lama_hybrid_blend_cut01.png,results/best_variant/Places365_test_00257610_best_lama_hybrid_blend_cut01.png
Places365_test_00257872,lama_hybrid_blend_cut01,lpips,0.000109,results/lama_hybrid/Places365_test_00257872_lama_hybrid_blend_cut01.png,results/best_variant/Places365_test_00257872_best_lama_hybrid_blend_cut01.png
Places365_test_00258154,lama_hybrid_blend_cut01,lpips,0.002518,results/lama_hybrid/Places365_test_00258154_lama_hybrid_blend_cut01.png,results/best_variant/Places365_test_00258154_best_lama_hybrid_blend_cut01.png
Places365_test_00258221,lama_hybrid_blend_cut01,lpips,0.032108,results/lama_hybrid/Places365_test_00258221_lama_hybrid_blend_cut01.png,results/best_variant/Places365_test_00258221_best_lama_hybrid_blend_cut01.png
Places365_test_00259523,lama_hybrid_blend_cut01,lpips,0.002313,results/lama_hybrid/Places365_test_00259523_lama_hybrid_blend_cut01.png,results/best_variant/Places365_test_00259523_best_lama_hybrid_blend_cut01.png
Places365_test_00260205,lama_hybrid_blend_cut01,lpips,0.000503,results/lama_hybrid/Places365_test_00260205_lama_hybrid_blend_cut01.png,results/best_variant/Places365_test_00260205_best_lama_hybrid_blend_cut01.png
Places365_test_00260707,lama_hybrid_blend_cut01,lpips,0.004751,results/lama_hybrid/Places365_test_00260707_lama_hybrid_blend_cut01.png,results/best_variant/Places365_test_00260707_best_lama_hybrid_blend_cut01.png
Places365_test_00262732,lama_hybrid_blend_cut01,lpips,0.00305,results/lama_hybrid/Places365_test_00262732_lama_hybrid_blend_cut01.png,results/best_variant/Places365_test_00262732_best_lama_hybrid_blend_cut01.png
Places365_test_00262850,lama_hybrid_blend_cut01,lpips,0.007908,results/lama_hybrid/Places365_test_00262850_lama_hybrid_blend_cut01.png,results/best_variant/Places365_test_00262850_best_lama_hybrid_blend_cut01.png
Places365_test_00263077,lama_hybrid_blend_cut01,lpips,0.007277,results/lama_hybrid/Places365_test_00263077_lama_hybrid_blend_cut01.png,results/best_variant/Places365_test_00263077_best_lama_hybrid_blend_cut01.png
Places365_test_00263230,lama_hybrid_blend_cut01,lpips,0.000439,results/lama_hybrid/Places365_test_00263230_lama_hybrid_blend_cut01.png,results/best_variant/Places365_test_00263230_best_lama_hybrid_blend_cut01.png
Places365_test_00265312,lama_hybrid_blend_cut01,lpips,0.000122,results/lama_hybrid/Places365_test_00265312_lama_hybrid_blend_cut01.png,results/best_variant/Places365_test_00265312_best_lama_hybrid_blend_cut01.png
Places365_test_00265536,lama_hybrid_blend_cut01,lpips,0.003307,results/lama_hybrid/Places365_test_00265536_lama_hybrid_blend_cut01.png,results/best_variant/Places365_test_00265536_best_lama_hybrid_blend_cut01.png
Places365_test_00268165,lama_hybrid_blend_cut01,lpips,0.000746,results/lama_hybrid/Places365_test_00268165_lama_hybrid_blend_cut01.png,results/best_variant/Places365_test_00268165_best_lama_hybrid_blend_cut01.png
Places365_test_00269453,lama_hybrid_blend_cut01,lpips,0.035315,results/lama_hybrid/Places365_test_00269453_lama_hybrid_blend_cut01.png,results/best_variant/Places365_test_00269453_best_lama_hybrid_blend_cut01.png
Places365_test_00269757,lama_hybrid_blend_cut01,lpips,0.050596,results/lama_hybrid/Places365_test_00269757_lama_hybrid_blend_cut01.png,results/best_variant/Places365_test_00269757_best_lama_hybrid_blend_cut01.png
Places365_test_00272234,lama_hybrid_blend_cut01,lpips,0.026181,results/lama_hybrid/Places365_test_00272234_lama_hybrid_blend_cut01.png,results/best_variant/Places365_test_00272234_best_lama_hybrid_blend_cut01.png
Places365_test_00275377,lama_hybrid_blend_cut01,lpips,0.047128,results/lama_hybrid/Places365_test_00275377_lama_hybrid_blend_cut01.png,results/best_variant/Places365_test_00275377_best_lama_hybrid_blend_cut01.png
Places365_test_00275871,lama_hybrid_blend_cut01,lpips,0.000526,results/lama_hybrid/Places365_test_00275871_lama_hybrid_blend_cut01.png,results/best_variant/Places365_test_00275871_best_lama_hybrid_blend_cut01.png
Places365_test_00276923,lama_hybrid_blend_cut01,lpips,0.00127,results/lama_hybrid/Places365_test_00276923_lama_hybrid_blend_cut01.png,results/best_variant/Places365_test_00276923_best_lama_hybrid_blend_cut01.png
Places365_test_00278461,lama_hybrid_blend_cut01,lpips,0.029396,results/lama_hybrid/Places365_test_00278461_lama_hybrid_blend_cut01.png,results/best_variant/Places365_test_00278461_best_lama_hybrid_blend_cut01.png
Places365_test_00278533,lama_hybrid_blend_cut01,lpips,0.003307,results/lama_hybrid/Places365_test_00278533_lama_hybrid_blend_cut01.png,results/best_variant/Places365_test_00278533_best_lama_hybrid_blend_cut01.png
Places365_test_00278558,lama_hybrid_blend_cut01,lpips,0.000685,results/lama_hybrid/Places365_test_00278558_lama_hybrid_blend_cut01.png,results/best_variant/Places365_test_00278558_best_lama_hybrid_blend_cut01.png
Places365_test_00279338,lama_hybrid_blend_cut01,lpips,0.000424,results/lama_hybrid/Places365_test_00279338_lama_hybrid_blend_cut01.png,results/best_variant/Places365_test_00279338_best_lama_hybrid_blend_cut01.png
Places365_test_00279579,lama_hybrid_blend_cut01,lpips,0.026923,results/lama_hybrid/Places365_test_00279579_lama_hybrid_blend_cut01.png,results/best_variant/Places365_test_00279579_best_lama_hybrid_blend_cut01.png
Places365_test_00279984,lama_hybrid_blend_cut01,lpips,0.023172,results/lama_hybrid/Places365_test_00279984_lama_hybrid_blend_cut01.png,results/best_variant/Places365_test_00279984_best_lama_hybrid_blend_cut01.png
Places365_test_00281310,lama_hybrid_blend_cut01,lpips,0.045775,results/lama_hybrid/Places365_test_00281310_lama_hybrid_blend_cut01.png,results/best_variant/Places365_test_00281310_best_lama_hybrid_blend_cut01.png
Places365_test_00282472,lama_hybrid_blend_cut01,lpips,0.077962,results/lama_hybrid/Places365_test_00282472_lama_hybrid_blend_cut01.png,results/best_variant/Places365_test_00282472_best_lama_hybrid_blend_cut01.png
Places365_test_00283709,lama_hybrid_blend_cut01,lpips,0.001632,results/lama_hybrid/Places365_test_00283709_lama_hybrid_blend_cut01.png,results/best_variant/Places365_test_00283709_best_lama_hybrid_blend_cut01.png
Places365_test_00284899,lama_hybrid_blend_cut01,lpips,0.000847,results/lama_hybrid/Places365_test_00284899_lama_hybrid_blend_cut01.png,results/best_variant/Places365_test_00284899_best_lama_hybrid_blend_cut01.png
Places365_test_00286992,lama_hybrid_blend_cut01,lpips,0.000225,results/lama_hybrid/Places365_test_00286992_lama_hybrid_blend_cut01.png,results/best_variant/Places365_test_00286992_best_lama_hybrid_blend_cut01.png
Places365_test_00288789,lama_hybrid_blend_cut01,lpips,0.000613,results/lama_hybrid/Places365_test_00288789_lama_hybrid_blend_cut01.png,results/best_variant/Places365_test_00288789_best_lama_hybrid_blend_cut01.png
Places365_test_00290776,lama_hybrid_blend_cut01,lpips,0.002044,results/lama_hybrid/Places365_test_00290776_lama_hybrid_blend_cut01.png,results/best_variant/Places365_test_00290776_best_lama_hybrid_blend_cut01.png
Places365_test_00292687,lama_hybrid_blend_cut01,lpips,0.00214,results/lama_hybrid/Places365_test_00292687_lama_hybrid_blend_cut01.png,results/best_variant/Places365_test_00292687_best_lama_hybrid_blend_cut01.png
Places365_test_00293747,lama_hybrid_blend_cut01,lpips,0.001072,results/lama_hybrid/Places365_test_00293747_lama_hybrid_blend_cut01.png,results/best_variant/Places365_test_00293747_best_lama_hybrid_blend_cut01.png
Places365_test_00294628,lama_hybrid_blend_cut01,lpips,0.008691,results/lama_hybrid/Places365_test_00294628_lama_hybrid_blend_cut01.png,results/best_variant/Places365_test_00294628_best_lama_hybrid_blend_cut01.png
Places365_test_00296710,lama_hybrid_blend_cut01,lpips,0.023142,results/lama_hybrid/Places365_test_00296710_lama_hybrid_blend_cut01.png,results/best_variant/Places365_test_00296710_best_lama_hybrid_blend_cut01.png
Places365_test_00297102,lama_hybrid_blend_cut01,lpips,0.000542,results/lama_hybrid/Places365_test_00297102_lama_hybrid_blend_cut01.png,results/best_variant/Places365_test_00297102_best_lama_hybrid_blend_cut01.png
Places365_test_00298025,lama_hybrid_blend_cut01,lpips,0.002031,results/lama_hybrid/Places365_test_00298025_lama_hybrid_blend_cut01.png,results/best_variant/Places365_test_00298025_best_lama_hybrid_blend_cut01.png
Places365_test_00298425,lama_hybrid_blend_cut01,lpips,0.009566,results/lama_hybrid/Places365_test_00298425_lama_hybrid_blend_cut01.png,results/best_variant/Places365_test_00298425_best_lama_hybrid_blend_cut01.png
Places365_test_00299148,lama_hybrid_blend_cut01,lpips,0.001143,results/lama_hybrid/Places365_test_00299148_lama_hybrid_blend_cut01.png,results/best_variant/Places365_test_00299148_best_lama_hybrid_blend_cut01.png
Places365_test_00299453,lama_hybrid_blend_cut01,lpips,0.026394,results/lama_hybrid/Places365_test_00299453_lama_hybrid_blend_cut01.png,results/best_variant/Places365_test_00299453_best_lama_hybrid_blend_cut01.png
Places365_test_00300126,lama_hybrid_blend_cut01,lpips,0.019491,results/lama_hybrid/Places365_test_00300126_lama_hybrid_blend_cut01.png,results/best_variant/Places365_test_00300126_best_lama_hybrid_blend_cut01.png
Places365_test_00301436,lama_hybrid_blend_cut01,lpips,0.000801,results/lama_hybrid/Places365_test_00301436_lama_hybrid_blend_cut01.png,results/best_variant/Places365_test_00301436_best_lama_hybrid_blend_cut01.png
Places365_test_00301840,lama_hybrid_blend_cut01,lpips,0.001815,results/lama_hybrid/Places365_test_00301840_lama_hybrid_blend_cut01.png,results/best_variant/Places365_test_00301840_best_lama_hybrid_blend_cut01.png
Places365_test_00302879,lama_hybrid_blend_cut01,lpips,0.00837,results/lama_hybrid/Places365_test_00302879_lama_hybrid_blend_cut01.png,results/best_variant/Places365_test_00302879_best_lama_hybrid_blend_cut01.png
Places365_test_00303618,lama_hybrid_blend_cut01,lpips,0.009036,results/lama_hybrid/Places365_test_00303618_lama_hybrid_blend_cut01.png,results/best_variant/Places365_test_00303618_best_lama_hybrid_blend_cut01.png
Places365_test_00306551,lama_hybrid_blend_cut01,lpips,0.00075,results/lama_hybrid/Places365_test_00306551_lama_hybrid_blend_cut01.png,results/best_variant/Places365_test_00306551_best_lama_hybrid_blend_cut01.png
Places365_test_00307209,lama_hybrid_blend_cut01,lpips,0.000156,results/lama_hybrid/Places365_test_00307209_lama_hybrid_blend_cut01.png,results/best_variant/Places365_test_00307209_best_lama_hybrid_blend_cut01.png
Places365_test_00307821,lama_hybrid_blend_cut01,lpips,0.001533,results/lama_hybrid/Places365_test_00307821_lama_hybrid_blend_cut01.png,results/best_variant/Places365_test_00307821_best_lama_hybrid_blend_cut01.png
Places365_test_00308384,lama_hybrid_blend_cut01,lpips,0.000175,results/lama_hybrid/Places365_test_00308384_lama_hybrid_blend_cut01.png,results/best_variant/Places365_test_00308384_best_lama_hybrid_blend_cut01.png
Places365_test_00309403,lama_hybrid_blend_cut01,lpips,0.008322,results/lama_hybrid/Places365_test_00309403_lama_hybrid_blend_cut01.png,results/best_variant/Places365_test_00309403_best_lama_hybrid_blend_cut01.png
Places365_test_00311783,lama_hybrid_blend_cut01,lpips,0.006936,results/lama_hybrid/Places365_test_00311783_lama_hybrid_blend_cut01.png,results/best_variant/Places365_test_00311783_best_lama_hybrid_blend_cut01.png
Places365_test_00315280,lama_hybrid_blend_cut01,lpips,0.002717,results/lama_hybrid/Places365_test_00315280_lama_hybrid_blend_cut01.png,results/best_variant/Places365_test_00315280_best_lama_hybrid_blend_cut01.png
Places365_test_00315307,lama_hybrid_blend_cut01,lpips,0.092787,results/lama_hybrid/Places365_test_00315307_lama_hybrid_blend_cut01.png,results/best_variant/Places365_test_00315307_best_lama_hybrid_blend_cut01.png
Places365_test_00317300,lama_hybrid_blend_cut01,lpips,0.010233,results/lama_hybrid/Places365_test_00317300_lama_hybrid_blend_cut01.png,results/best_variant/Places365_test_00317300_best_lama_hybrid_blend_cut01.png
Places365_test_00319148,lama_hybrid_blend_cut01,lpips,0.008115,results/lama_hybrid/Places365_test_00319148_lama_hybrid_blend_cut01.png,results/best_variant/Places365_test_00319148_best_lama_hybrid_blend_cut01.png
Places365_test_00319444,lama_hybrid_blend_cut01,lpips,0.031616,results/lama_hybrid/Places365_test_00319444_lama_hybrid_blend_cut01.png,results/best_variant/Places365_test_00319444_best_lama_hybrid_blend_cut01.png
Places365_test_00321369,lama_hybrid_blend_cut01,lpips,0.000696,results/lama_hybrid/Places365_test_00321369_lama_hybrid_blend_cut01.png,results/best_variant/Places365_test_00321369_best_lama_hybrid_blend_cut01.png
Places365_test_00321669,lama_hybrid_blend_cut01,lpips,0.011788,results/lama_hybrid/Places365_test_00321669_lama_hybrid_blend_cut01.png,results/best_variant/Places365_test_00321669_best_lama_hybrid_blend_cut01.png
Places365_test_00321986,lama_hybrid_blend_cut01,lpips,0.001847,results/lama_hybrid/Places365_test_00321986_lama_hybrid_blend_cut01.png,results/best_variant/Places365_test_00321986_best_lama_hybrid_blend_cut01.png
Places365_test_00322872,lama_hybrid_blend_cut01,lpips,0.01327,results/lama_hybrid/Places365_test_00322872_lama_hybrid_blend_cut01.png,results/best_variant/Places365_test_00322872_best_lama_hybrid_blend_cut01.png
Places365_test_00324532,lama_hybrid_blend_cut01,lpips,0.000181,results/lama_hybrid/Places365_test_00324532_lama_hybrid_blend_cut01.png,results/best_variant/Places365_test_00324532_best_lama_hybrid_blend_cut01.png
Places365_test_00324999,lama_hybrid_blend_cut01,lpips,0.00141,results/lama_hybrid/Places365_test_00324999_lama_hybrid_blend_cut01.png,results/best_variant/Places365_test_00324999_best_lama_hybrid_blend_cut01.png
Places365_test_00325008,lama_hybrid_blend_cut01,lpips,0.001465,results/lama_hybrid/Places365_test_00325008_lama_hybrid_blend_cut01.png,results/best_variant/Places365_test_00325008_best_lama_hybrid_blend_cut01.png
Places365_test_00326711,lama_hybrid_blend_cut01,lpips,0.000504,results/lama_hybrid/Places365_test_00326711_lama_hybrid_blend_cut01.png,results/best_variant/Places365_test_00326711_best_lama_hybrid_blend_cut01.png
Places365_test_00327679,lama_hybrid_blend_cut01,lpips,0.000228,results/lama_hybrid/Places365_test_00327679_lama_hybrid_blend_cut01.png,results/best_variant/Places365_test_00327679_best_lama_hybrid_blend_cut01.png
Places365_test_00327911,lama_hybrid_blend_cut01,lpips,0.000469,results/lama_hybrid/Places365_test_00327911_lama_hybrid_blend_cut01.png,results/best_variant/Places365_test_00327911_best_lama_hybrid_blend_cut01.png
